train,test
0.045677316153574815,0.018990182002351568
0.06814227508473829,0.03251739979578922
0.050793645416653384,0.01146324722592802
