train,test
0.026875139248584416,0.018545290226537784
0.021000062922934663,0.014377090990185361
0.03021404253818789,0.01902540375933888
